City_ID,City,Country,Lat,Lng,Max Temp,Humidity,Cloudiness,Wind Speed,Current Description
0,Busselton,AU,-33.65,115.3333,59.32,82,100,13.29,overcast clouds
1,Saskylakh,RU,71.9167,114.0833,54.63,63,100,7.23,overcast clouds
2,Chokurdakh,RU,70.6333,147.9167,57.15,38,23,14.61,few clouds
3,Salur,IN,18.5333,83.2167,87.82,67,100,3.33,moderate rain
4,Yellowknife,CA,62.456,-114.3525,55.92,76,75,0.0,broken clouds
5,Dikson,RU,73.5069,80.5464,52.3,73,37,8.1,light rain
6,Abapo,BO,-18.8333,-63.4667,55.38,78,1,3.0,clear sky
7,Fredericton,CA,45.9454,-66.6656,65.82,94,100,6.91,mist
8,Chapais,CA,49.7834,-74.8492,58.78,92,100,10.89,overcast clouds
9,Contamana,PE,-7.3333,-75.0167,70.86,84,80,1.7,broken clouds
10,Puerto Madryn,AR,-42.7692,-65.0385,38.46,71,99,7.92,overcast clouds
11,Bengkulu,ID,-3.8004,102.2655,80.91,85,100,7.9,overcast clouds
12,Punta Arenas,CL,-53.15,-70.9167,33.91,80,40,12.66,scattered clouds
13,Rikitea,PF,-23.1203,-134.9692,72.32,77,100,11.79,light rain
14,Port Alfred,ZA,-33.5906,26.891,72.18,55,81,1.99,broken clouds
15,Victoria,HK,22.2855,114.1577,93.38,71,1,13.0,clear sky
16,Albany,US,42.6001,-73.9662,68.52,90,0,3.6,clear sky
17,Saint-Augustin,CA,51.226,-58.6502,59.34,79,95,8.34,overcast clouds
18,Jamestown,US,42.097,-79.2353,71.19,87,100,8.05,light rain
19,Chuy,UY,-33.6971,-53.4616,54.37,90,89,3.38,overcast clouds
20,Bredasdorp,ZA,-34.5322,20.0403,61.36,53,100,8.12,overcast clouds
21,Ushuaia,AR,-54.8,-68.3,33.46,93,75,33.38,light snow
22,Hasaki,JP,35.7333,140.8333,84.29,94,10,18.07,clear sky
23,Kapaa,US,22.0752,-159.319,77.32,83,40,14.97,scattered clouds
24,Muros,ES,42.7762,-9.0603,71.69,69,91,10.27,overcast clouds
25,Westport,US,41.1415,-73.3579,75.36,91,0,0.0,clear sky
26,Egvekinot,RU,66.3167,-179.1667,40.73,70,68,6.44,broken clouds
27,Lebu,CL,-37.6167,-73.65,53.02,97,100,9.4,moderate rain
28,Upernavik,GL,72.7868,-56.1549,42.26,95,100,28.99,light rain
29,Puerto Ayora,EC,-0.7393,-90.3518,65.55,99,82,1.99,broken clouds
30,Labuhan,ID,-6.8844,112.2051,83.03,70,78,4.88,broken clouds
31,Barrow,US,71.2906,-156.7887,37.42,93,100,16.11,mist
32,Cape Town,ZA,-33.9258,18.4232,62.28,69,20,12.66,few clouds
33,Arraial Do Cabo,BR,-22.9661,-42.0278,67.86,94,0,8.05,clear sky
34,Bilibino,RU,68.0546,166.4372,41.05,72,100,1.68,light rain
35,Tuktoyaktuk,CA,69.4541,-133.0374,51.71,76,100,7.83,overcast clouds
36,Ponta Do Sol,PT,32.6667,-17.1,74.12,63,12,3.29,few clouds
37,Butaritari,KI,3.0707,172.7902,81.9,75,60,8.5,broken clouds
38,Bluff,NZ,-46.6,168.3333,38.8,81,99,8.34,overcast clouds
39,Hermanus,ZA,-34.4187,19.2345,61.81,60,90,10.96,overcast clouds
40,Sarangani,PH,5.4033,125.4636,83.26,70,75,5.61,broken clouds
41,Hilo,US,19.7297,-155.09,79.29,95,40,5.75,scattered clouds
42,Alofi,NU,-19.0595,-169.9187,67.89,94,20,1.14,few clouds
43,Atuona,PF,-9.8,-139.0333,76.77,73,0,13.89,clear sky
44,Torbay,CA,47.6666,-52.7314,65.75,82,40,11.5,scattered clouds
45,Carnarvon,AU,-24.8667,113.6333,65.37,52,0,17.05,clear sky
46,Mahebourg,MU,-20.4081,57.7,75.25,68,75,14.97,broken clouds
47,Ceyhan,TR,37.0247,35.8175,97.14,13,0,5.44,clear sky
48,Abu Samrah,SY,35.3029,37.1841,94.55,19,0,10.38,clear sky
49,Catuday,PH,16.2923,119.8062,84.31,74,32,4.9,moderate rain
50,Leshukonskoye,RU,64.8989,45.7622,77.0,35,55,5.7,broken clouds
51,Ancud,CL,-41.8697,-73.8203,40.23,90,100,6.35,overcast clouds
52,Coihaique,CL,-45.5752,-72.0662,22.95,93,0,8.05,clear sky
53,Zaysan,KZ,47.4667,84.8667,87.96,25,96,10.31,overcast clouds
54,College,US,64.8569,-147.8028,57.15,82,75,3.44,light rain
55,Qaanaaq,GL,77.484,-69.3632,40.33,94,100,5.32,overcast clouds
56,Staryy Nadym,RU,65.6118,72.6842,46.09,86,100,12.95,overcast clouds
57,Reims,FR,49.1667,4.0833,81.95,64,0,4.61,clear sky
58,Bambous Virieux,MU,-20.3428,57.7575,75.22,68,75,14.97,light rain
59,Chimore,BO,-16.9833,-65.1333,65.17,80,4,1.45,clear sky
60,Hithadhoo,MV,-0.6,73.0833,76.32,86,100,5.93,overcast clouds
61,Bethel,US,41.3712,-73.414,73.27,91,0,4.61,clear sky
62,Husavik,IS,66.0449,-17.3389,51.04,82,28,2.84,scattered clouds
63,Khatanga,RU,71.9667,102.5,63.05,59,100,13.85,overcast clouds
64,Ribeira Grande,PT,38.5167,-28.7,72.0,94,75,3.44,light intensity shower rain
65,Kavaratti,IN,10.5669,72.642,81.27,80,100,20.51,heavy intensity rain
66,Vaini,TO,-21.2,-175.2,71.76,88,20,5.75,few clouds
67,Lagoa,PT,39.05,-27.9833,71.22,91,100,6.98,overcast clouds
68,Yazman,PK,29.1212,71.7446,92.48,53,93,8.7,overcast clouds
69,Saint-Philippe,RE,-21.3585,55.7679,78.22,64,7,12.1,clear sky
70,Ust-Maya,RU,60.4167,134.5333,80.4,57,15,4.12,few clouds
71,Nuuk,GL,64.1835,-51.7216,54.21,71,20,2.3,few clouds
72,Kahului,US,20.8947,-156.47,77.02,77,0,12.66,clear sky
73,Manaure,CO,11.7751,-72.4445,80.19,76,46,18.3,scattered clouds
74,Nome,US,64.5011,-165.4064,46.47,93,100,5.75,overcast clouds
75,Moose Factory,CA,51.2585,-80.6094,55.4,94,40,6.91,scattered clouds
76,Pevek,RU,69.7008,170.3133,31.77,96,100,4.83,overcast clouds
77,Nehe,CN,48.4833,124.8333,76.08,80,59,6.82,broken clouds
78,Kavieng,PG,-2.5744,150.7967,82.51,77,100,9.31,overcast clouds
79,Morros,BR,-9.4467,-46.3003,65.08,55,21,5.35,few clouds
80,Tuatapere,NZ,-46.1333,167.6833,41.45,92,95,3.18,overcast clouds
81,Sao Felix Do Xingu,BR,-6.6447,-51.995,65.59,64,30,1.5,scattered clouds
82,Mecca,SA,21.4267,39.8261,102.09,25,65,7.47,broken clouds
83,Aguimes,ES,27.9054,-15.4461,76.66,69,20,33.38,few clouds
84,Poshekhonye,RU,58.4993,39.1353,78.73,44,1,2.73,clear sky
85,Yulara,AU,-25.2406,130.9889,66.04,27,4,3.44,clear sky
86,Souillac,MU,-20.5167,57.5167,73.78,68,75,14.97,light rain
87,Riyadh,SA,24.6877,46.7219,111.34,7,30,17.96,scattered clouds
88,Port Hardy,CA,50.6996,-127.4199,53.78,94,75,3.44,broken clouds
89,Hualmay,PE,-11.0964,-77.6139,60.03,84,54,7.43,broken clouds
90,Sisimiut,GL,66.9395,-53.6735,46.13,87,100,5.44,overcast clouds
91,Kenai,US,60.5544,-151.2583,50.09,93,100,6.91,overcast clouds
92,Meulaboh,ID,4.1363,96.1285,85.89,66,54,11.03,heavy intensity rain
93,New Norfolk,AU,-42.7826,147.0587,51.3,78,73,1.99,broken clouds
94,Tara,RU,56.8944,74.371,69.76,48,83,11.68,broken clouds
95,Manokwari,ID,-0.8667,134.0833,79.99,78,75,2.1,broken clouds
96,Smithers,CA,54.7804,-127.1743,48.52,87,0,2.3,clear sky
97,Thompson,CA,55.7435,-97.8558,50.16,100,100,9.22,mist
98,Paoua,CF,7.2427,16.4406,72.3,92,100,0.81,light rain
99,Ailigandi,PA,9.2333,-78.0167,76.98,89,98,6.33,overcast clouds
100,Tigre,AR,-34.426,-58.5796,50.22,95,0,3.44,clear sky
101,Naigarhi,IN,24.7833,81.7833,93.7,43,100,4.29,moderate rain
102,Viransehir,TR,37.2353,39.7631,97.77,15,0,7.65,clear sky
103,Varhaug,NO,58.6147,5.6457,64.78,73,98,20.45,overcast clouds
104,Bubaque,GW,11.2833,-15.8333,78.87,85,100,23.09,light rain
105,Havre-Saint-Pierre,CA,50.2334,-63.5986,61.16,88,100,14.97,overcast clouds
106,Flinders,AU,-34.5833,150.8552,58.37,85,76,5.99,light rain
107,Guerrero Negro,MX,27.9769,-114.0611,67.3,87,33,12.33,scattered clouds
108,Antalaha,MG,-14.9003,50.2788,74.44,68,25,11.54,light rain
109,Malkangiri,IN,18.35,81.9,81.75,86,99,6.62,light rain
110,Atar,MR,20.5169,-13.0499,89.67,42,29,1.39,light rain
111,San Lorenzo,PY,-25.3333,-57.5333,70.74,64,0,7.0,clear sky
112,Dwarka,IN,22.2394,68.9678,84.38,79,95,20.27,overcast clouds
113,Salinas,US,36.6777,-121.6555,59.81,87,100,5.75,overcast clouds
114,Puri,IN,19.8,85.85,84.72,73,100,9.26,moderate rain
115,Avarua,CK,-21.2078,-159.775,73.45,83,75,16.11,broken clouds
116,Port-Gentil,GA,-0.7193,8.7815,80.56,69,75,14.97,broken clouds
117,Aklavik,CA,68.2191,-135.0107,57.94,71,99,6.26,overcast clouds
118,Hobe Sound,US,27.0595,-80.1364,82.38,86,0,10.36,clear sky
119,Kudahuvadhoo,MV,2.6708,72.8944,82.36,71,100,14.32,overcast clouds
120,Port Lincoln,AU,-34.7333,135.8667,54.46,62,100,8.48,overcast clouds
121,Faya,SA,18.3851,42.4509,87.91,29,38,1.66,scattered clouds
122,Trapani,IT,37.8333,12.6667,97.27,74,0,14.97,clear sky
123,Georgetown,MY,5.4112,100.3354,89.53,79,20,9.22,few clouds
124,Virginia Beach,US,36.8529,-75.978,77.02,91,20,9.22,few clouds
125,Grindavik,IS,63.8424,-22.4338,55.35,100,75,4.61,light intensity drizzle
126,Narsaq,GL,60.9167,-46.05,48.42,61,12,0.96,few clouds
127,New Iberia,US,30.0035,-91.8187,80.67,89,0,0.0,clear sky
128,Henties Bay,NA,-22.116,14.2845,75.07,41,0,2.77,clear sky
129,Tura,IN,25.5198,90.2201,82.85,78,100,2.15,very heavy rain
130,Salalah,OM,17.0151,54.0924,80.69,83,75,12.66,broken clouds
131,Hambantota,LK,6.1241,81.1185,85.59,68,100,23.85,overcast clouds
132,Coquimbo,CL,-29.9533,-71.3436,53.33,87,100,6.91,overcast clouds
133,Bonthe,SL,7.5264,-12.505,78.3,79,100,11.86,overcast clouds
134,Mataura,NZ,-46.1927,168.8643,38.48,97,65,2.59,broken clouds
135,Mutoko,ZW,-17.397,32.2268,70.3,33,6,10.58,clear sky
136,Sola,VU,-13.8833,167.55,80.65,79,100,17.56,overcast clouds
137,Kruisfontein,ZA,-34.0033,24.7314,72.88,30,14,11.45,few clouds
138,Aykhal,RU,66.0,111.5,66.25,58,100,4.7,overcast clouds
139,Kodiak,US,57.79,-152.4072,51.31,66,100,8.05,overcast clouds
140,Gat,IL,31.61,34.7642,92.79,33,0,13.82,clear sky
141,Northam,GB,51.0333,-4.2167,66.65,74,80,9.15,broken clouds
142,Ellsworth,US,44.5434,-68.4195,68.56,98,100,3.44,fog
143,Port Blair,IN,11.6667,92.75,80.64,89,100,4.61,light rain
144,San Pedro,PH,14.35,121.0167,85.32,79,40,4.61,scattered clouds
145,Hobart,AU,-42.8794,147.3294,51.66,77,75,8.05,broken clouds
146,Beringovskiy,RU,63.05,179.3167,51.01,64,100,6.13,overcast clouds
147,Hamilton,US,39.1834,-84.5333,73.83,90,20,5.75,few clouds
148,Palana,RU,59.1167,159.9667,51.42,73,0,7.49,clear sky
149,Lavrentiya,RU,65.5833,-171.0,38.21,87,100,13.38,overcast clouds
150,Mar Del Plata,AR,-38.0023,-57.5575,49.08,63,0,3.0,clear sky
151,Benjamin Constant,BR,-4.3831,-70.0311,73.53,99,65,1.68,broken clouds
152,Nakambala,ZM,-15.8324,27.7799,76.26,33,2,10.83,clear sky
153,Sao Joao Da Barra,BR,-21.6403,-41.0511,64.49,90,11,5.84,few clouds
154,Nikolskoye,RU,59.7035,30.7861,83.88,37,62,3.78,broken clouds
155,Nongan,CN,44.382,125.1685,80.69,72,3,3.74,clear sky
156,Provideniya,RU,64.3833,-173.3,40.98,80,83,9.64,broken clouds
157,Garden City,US,42.3256,-83.331,70.95,94,40,4.61,scattered clouds
158,Kirakira,SB,-10.4544,161.9205,79.18,82,5,1.45,clear sky
159,Vanimo,PG,-2.6741,141.3028,79.23,86,42,4.9,scattered clouds
160,Katsuura,JP,35.1333,140.3,78.94,92,8,19.3,clear sky
161,Port Macquarie,AU,-31.4333,152.9167,57.09,88,75,9.22,broken clouds
162,Camacha,PT,33.0833,-16.3333,69.22,64,75,14.97,broken clouds
163,Codrington,AU,-38.2667,141.9667,54.64,69,100,12.57,moderate rain
164,Karabash,RU,55.4808,60.2157,69.84,57,77,8.66,broken clouds
165,Rockport,US,28.0206,-97.0544,85.05,83,0,8.05,clear sky
166,Guanay,BO,-15.4975,-67.8797,63.05,96,16,1.83,few clouds
167,Maniitsoq,GL,65.4167,-52.9,45.43,89,100,7.47,overcast clouds
168,Clyde River,CA,70.4692,-68.5914,50.23,76,75,16.11,broken clouds
169,Pisco,PE,-13.7,-76.2167,51.85,82,0,3.44,mist
170,Grimmen,DE,54.1121,13.0405,68.99,70,99,12.55,overcast clouds
171,Geraldton,AU,-28.7667,114.6,59.41,72,40,1.14,scattered clouds
172,Mahibadhoo,MV,3.7833,72.9667,81.86,76,100,13.42,overcast clouds
173,Whyalla,AU,-33.0333,137.5833,60.13,60,100,9.53,light rain
174,Penco,CL,-36.7333,-72.9833,50.85,100,100,4.61,light intensity drizzle
175,Taltal,CL,-25.4,-70.4833,56.08,85,52,1.39,broken clouds
176,Little Current,CA,45.9793,-81.9248,64.45,81,0,9.8,clear sky
177,Karratha,AU,-20.7377,116.8463,74.48,70,14,12.8,few clouds
178,Avera,US,33.194,-82.5271,75.54,96,98,7.27,overcast clouds
179,Poum,NC,-20.2333,164.0167,77.02,90,82,21.81,broken clouds
180,Norman Wells,CA,65.282,-126.8329,60.84,82,40,5.75,scattered clouds
181,Bilma,NE,18.6853,12.9164,100.31,23,81,4.74,broken clouds
182,Solnechnyy,RU,50.7214,136.6319,55.87,92,100,6.24,overcast clouds
183,Fortuna,US,40.5982,-124.1573,57.92,86,96,3.0,overcast clouds
184,Wanning,CN,18.8003,110.3967,85.12,75,13,6.73,few clouds
185,Bereda,ES,43.2686,-7.5406,67.41,89,100,5.66,overcast clouds
186,Palmas Bellas,PA,9.2319,-80.0867,76.24,92,100,1.32,overcast clouds
187,Kortkeros,RU,61.8106,51.5806,77.18,34,92,7.36,overcast clouds
188,Cidreira,BR,-30.1811,-50.2056,60.93,95,99,4.29,overcast clouds
189,Tasiilaq,GL,65.6145,-37.6368,39.36,84,98,1.68,overcast clouds
190,Saldanha,ZA,-33.0117,17.9442,60.85,71,100,7.0,overcast clouds
191,Petropavlovsk-Kamchatskiy,RU,53.0452,158.6483,59.59,77,75,13.42,broken clouds
192,Edd,ER,13.9297,41.6925,97.52,41,10,11.25,clear sky
193,Assiniboia,CA,49.6334,-105.9845,51.62,87,24,4.61,few clouds
194,Airai,TL,-8.9266,125.4092,56.39,79,59,2.28,broken clouds
195,Shimanovsk,RU,52.0,127.7,76.17,61,56,3.87,broken clouds
196,Port Elizabeth,ZA,-33.918,25.5701,76.32,33,0,8.01,clear sky
197,Ipixuna,BR,-1.7625,-48.8043,72.18,92,36,2.84,scattered clouds
198,Mount Isa,AU,-20.7333,139.5,53.37,32,0,3.44,clear sky
199,Laguna,US,38.421,-121.4238,74.01,57,0,9.22,clear sky
200,Cabedelo,BR,-6.9811,-34.8339,72.27,85,100,10.65,overcast clouds
201,Kirishi,RU,59.4471,32.0205,79.56,38,16,4.18,few clouds
202,Olafsvik,IS,64.8945,-23.7142,51.93,93,100,6.46,overcast clouds
203,Ilhabela,BR,-23.7781,-45.3581,65.28,82,13,3.47,few clouds
204,Upington,ZA,-28.4478,21.2561,77.38,23,0,12.66,clear sky
205,Talnakh,RU,69.4865,88.3972,74.21,51,88,9.62,light rain
206,Opuwo,NA,-18.0607,13.84,76.08,19,0,12.1,clear sky
207,Billings,US,45.7833,-108.5007,72.52,26,0,16.11,clear sky
208,San Ignacio,BZ,17.1561,-89.0714,71.74,100,0,0.0,clear sky
209,Warkworth,NZ,-36.4,174.6667,47.91,72,95,8.5,overcast clouds
210,Castro,BR,-24.7911,-50.0119,55.2,89,100,2.55,overcast clouds
211,Talakan,RU,50.3167,130.3667,72.14,76,56,2.75,broken clouds
212,Tingi,TZ,-11.3,35.0333,68.95,49,31,7.67,scattered clouds
213,Cayenne,GF,4.9333,-52.3333,76.08,1,100,1.14,overcast clouds
214,Dzilam Gonzalez,MX,21.2833,-88.9333,73.27,96,33,3.94,scattered clouds
215,Turbat,PK,26.0023,63.044,93.61,52,85,7.63,overcast clouds
216,Conceicao Do Araguaia,BR,-8.2578,-49.2647,72.12,46,46,1.21,scattered clouds
217,Simao,CN,22.7886,100.9748,74.95,83,97,1.99,overcast clouds
218,Meadow Lake,US,34.8014,-106.5436,77.32,48,41,5.3,scattered clouds
219,Sioux Lookout,CA,50.1001,-91.917,59.07,94,40,5.75,scattered clouds
220,Omsukchan,RU,62.5333,155.8,53.96,52,0,6.53,clear sky
221,Krasnolesnyy,RU,51.8807,39.5877,60.8,88,97,8.37,light rain
222,Dosso,NE,13.049,3.1937,85.89,58,86,7.38,overcast clouds
223,Ikalamavony,MG,-21.15,46.5833,74.82,34,0,6.98,clear sky
224,Novobiryusinskiy,RU,56.9578,97.7076,82.74,35,23,4.34,few clouds
225,Barranca,PE,-10.75,-77.7667,59.94,85,72,4.79,broken clouds
226,Naze,JP,28.3667,129.4833,79.72,83,48,9.53,scattered clouds
227,Usinsk,RU,65.9939,57.5281,60.58,46,30,14.99,scattered clouds
228,East London,ZA,-33.0153,27.9116,70.74,52,0,2.3,clear sky
229,Saint Anthony,US,45.0205,-93.218,76.6,53,0,17.27,clear sky
230,Dinguiraye,GN,11.3,-10.7167,76.42,80,99,3.36,overcast clouds
231,Kineta,GR,37.9709,23.2183,99.57,28,0,1.74,clear sky
232,Koumac,NC,-20.5667,164.2833,75.88,85,93,10.4,overcast clouds
233,Kodinsk,RU,58.6881,99.1844,77.97,44,86,7.38,overcast clouds
234,Sur,OM,22.5667,59.5289,95.43,53,8,1.41,clear sky
235,Trinidad,BO,-14.8333,-64.9,66.18,94,0,3.44,clear sky
236,Dongsheng,CN,39.8161,109.9776,75.49,24,1,9.86,clear sky
237,Edeia,BR,-17.3383,-49.9314,62.15,64,51,4.56,broken clouds
238,Vao,NC,-22.6667,167.4833,74.53,87,100,21.05,heavy intensity rain
239,Trelew,AR,-43.249,-65.3051,34.93,57,77,7.16,broken clouds
240,Lorca,ES,37.6712,-1.7017,90.36,27,1,7.16,clear sky
241,Greece,US,43.2098,-77.6931,70.95,88,75,4.61,broken clouds
242,Odesskoye,RU,54.2111,72.9651,68.79,62,56,13.13,light rain
243,Oranjestad,AW,12.524,-70.027,80.55,89,20,12.66,few clouds
244,Casma,CL,-41.0082,-73.1244,40.28,99,100,0.72,overcast clouds
245,Russell,US,32.3502,-85.1999,74.48,94,0,0.0,clear sky
246,Quimperle,FR,47.8667,-3.55,75.74,55,0,10.36,clear sky
247,Iqaluit,CA,63.7506,-68.5145,38.93,100,75,0.0,mist
248,Lata,PT,40.1629,-8.3327,84.49,45,81,3.22,broken clouds
249,Urzhum,RU,57.1141,49.9996,76.3,51,5,4.54,clear sky
250,Vityazevo,RU,44.9931,37.2719,80.44,61,20,18.01,few clouds
251,Balvi,LV,57.1313,27.2658,81.61,44,8,3.53,clear sky
252,Maarianhamina,AX,60.0973,19.9348,67.86,83,100,12.66,overcast clouds
253,Cherskiy,RU,68.75,161.3,36.46,86,97,13.31,overcast clouds
254,Kidal,ML,18.4411,1.4078,96.1,27,46,11.63,scattered clouds
255,Tres Arroyos,AR,-38.3739,-60.2798,39.63,92,90,3.58,overcast clouds
256,Warrnambool,AU,-38.3833,142.4833,54.81,75,100,10.67,light rain
257,Calbuco,CL,-41.768,-73.1273,40.21,81,100,6.49,overcast clouds
258,Constitucion,CL,-35.3333,-72.4167,50.97,80,64,5.86,broken clouds
259,Kysyl-Syr,RU,63.8986,122.7617,72.61,66,31,1.97,scattered clouds
260,Yuanping,CN,38.7153,112.7575,72.66,57,100,6.96,overcast clouds
261,Buraydah,SA,26.326,43.975,113.45,7,11,11.79,few clouds
262,Ileza,RU,61.0533,43.9002,80.08,42,42,8.68,scattered clouds
263,Nioro,GM,13.35,-15.75,78.57,85,100,5.3,light rain
264,Esperance,AU,-33.8667,121.9,56.88,68,42,9.73,scattered clouds
265,Petrov Val,RU,50.1434,45.2096,74.53,41,74,8.3,broken clouds
266,Broome,US,42.2506,-75.833,67.06,85,0,3.94,clear sky
267,Lufilufi,WS,-13.8745,-171.5986,71.38,79,25,15.37,scattered clouds
268,Baruun-Urt,MN,46.6806,113.2792,68.27,53,100,13.73,light rain
269,Tiksi,RU,71.6872,128.8694,45.59,73,33,10.94,scattered clouds
270,Severo-Kurilsk,RU,50.6789,156.125,52.56,94,100,16.93,moderate rain
271,Mizdah,LY,31.4451,12.9801,84.85,29,0,5.7,clear sky
272,Vacaria,BR,-28.5122,-50.9339,54.23,96,86,5.93,overcast clouds
273,Alexandria,EG,31.2156,29.9553,82.96,56,0,11.56,clear sky
274,Sembakung,ID,3.8167,117.25,80.35,86,94,1.41,overcast clouds
275,Tongzi,CN,28.7829,105.0877,70.38,90,100,5.44,overcast clouds
276,Usta Muhammad,PK,28.1794,68.0445,100.18,39,95,6.24,overcast clouds
277,Sitka,US,57.0531,-135.33,53.49,87,100,4.61,overcast clouds
278,Tibagi,BR,-24.5094,-50.4136,57.79,91,80,1.92,broken clouds
279,Adrar,MR,20.5022,-10.0711,89.89,42,78,10.42,broken clouds
280,Tiznit,MA,29.5833,-9.5,100.36,13,0,7.87,clear sky
281,Asau,RO,46.4333,26.4,83.32,28,0,8.37,clear sky
282,Kletnya,RU,53.3897,33.2171,72.79,55,19,12.66,few clouds
283,Comodoro Rivadavia,AR,-45.8667,-67.5,30.06,64,0,13.8,clear sky
284,Half Moon Bay,US,37.4636,-122.4286,58.98,88,100,11.5,mist
285,Pijijiapan,MX,15.7011,-93.23,74.86,92,100,3.53,overcast clouds
286,Mafra,BR,-26.1114,-49.8053,55.08,98,49,0.83,scattered clouds
287,Dawlatabad,AF,36.4141,64.9053,112.69,5,0,8.55,clear sky
288,Sechelt,CA,49.4664,-123.7694,68.0,92,52,2.37,broken clouds
289,San Patricio,US,28.017,-97.5169,84.88,84,10,8.59,clear sky
290,Dudinka,RU,69.4058,86.1778,74.62,52,94,7.29,overcast clouds
291,Madimba,TZ,-10.4,40.3333,81.32,54,7,13.67,clear sky
292,Nouadhibou,MR,20.931,-17.0347,78.78,83,7,8.05,clear sky
293,Buala,SB,-8.145,159.5921,80.15,79,36,2.3,light rain
294,Eydhafushi,MV,5.1033,73.0708,82.24,74,87,15.03,overcast clouds
295,Yamandu,SL,7.9362,-11.4928,76.08,88,100,4.25,light rain
296,Damghan,IR,36.1683,54.348,98.64,14,0,7.16,clear sky
297,Namatanai,PG,-3.6667,152.4333,80.2,81,70,7.18,broken clouds
298,Katete,UG,-0.7818,29.7544,85.73,25,66,2.8,broken clouds
299,Januaria,BR,-15.4833,-44.3667,62.62,67,1,4.36,clear sky
300,Tafo,GH,6.7345,-1.6127,77.23,66,64,4.85,broken clouds
301,Taperoa,BR,-7.2075,-36.8267,67.84,80,70,12.64,broken clouds
302,Minas Novas,BR,-17.2186,-42.5903,57.85,95,1,1.16,clear sky
303,Komsomolskiy,UZ,40.4272,71.7189,104.72,13,0,4.61,clear sky
304,Vila Franca Do Campo,PT,37.7167,-25.4333,74.19,69,100,2.37,overcast clouds
305,Boende,CD,-0.2167,20.8667,87.28,58,93,1.14,light rain
306,Soyo,AO,-6.1349,12.3689,74.79,67,92,7.43,overcast clouds
307,Klaksvik,FO,62.2266,-6.589,54.52,79,100,8.1,overcast clouds
308,Bojnurd,IR,37.4747,57.329,94.95,29,20,9.22,"sand,dust whirls"
309,Mitsamiouli,KM,-11.3847,43.2844,82.69,61,20,11.5,few clouds
310,Norilsk,RU,69.3535,88.2027,74.43,53,75,9.62,light rain
311,Paracuru,BR,-3.41,-39.0306,77.11,84,79,8.79,broken clouds
312,San Carlos,VE,9.6612,-68.5827,70.45,96,23,2.24,few clouds
313,Ankara,TR,39.9199,32.8543,80.15,31,20,6.91,few clouds
314,Saint George,US,37.1041,-113.5841,88.95,25,0,8.05,clear sky
315,Ngunguru,NZ,-35.6167,174.5,54.09,69,100,10.78,overcast clouds
316,Mindelo,CV,16.8901,-24.9804,78.35,65,75,1.14,broken clouds
317,Krapivinskiy,RU,54.9992,86.8133,71.29,78,32,5.5,light rain
318,Pachelma,RU,53.2443,43.3521,70.39,60,62,11.16,light rain
319,Pitea,SE,65.3172,21.4794,68.09,41,100,7.58,overcast clouds
320,Richards Bay,ZA,-28.783,32.0377,74.86,58,25,5.12,scattered clouds
321,Mayumba,GA,-3.432,10.6554,73.27,79,100,8.5,overcast clouds
322,Yeppoon,AU,-23.1333,150.7333,64.18,80,2,3.38,clear sky
323,Qujing,CN,25.4833,103.7833,71.91,73,55,9.15,broken clouds
324,Muravlenko,RU,63.7898,74.523,58.8,44,98,16.8,overcast clouds
325,Luderitz,NA,-26.6481,15.1594,67.66,52,0,12.33,clear sky
326,Taoudenni,ML,22.6783,-3.9836,99.68,28,8,9.48,clear sky
327,Mount Gambier,AU,-37.8333,140.7667,54.46,73,100,9.01,light rain
328,Linhares,BR,-19.3911,-40.0722,65.21,94,1,2.08,clear sky
329,Grahamstown,ZA,-33.3042,26.5328,65.95,25,23,18.01,few clouds
330,Vila Velha,BR,-20.3297,-40.2925,66.15,96,75,3.44,broken clouds
331,Desert Hot Springs,US,33.9611,-116.5017,92.91,27,0,3.44,clear sky
332,Tocopilla,CL,-22.092,-70.1979,58.51,78,40,3.51,scattered clouds
333,Ilulissat,GL,69.2167,-51.1,48.22,87,75,3.44,broken clouds
334,Terrace Bay,CA,48.7834,-87.1,49.33,89,48,1.54,scattered clouds
335,Namibe,AO,-15.1961,12.1522,71.47,62,9,5.5,clear sky
336,Oussouye,SN,12.485,-16.5469,82.58,82,100,3.51,light rain
337,Saint-Joseph,RE,-21.3667,55.6167,77.22,63,10,10.22,clear sky
338,Hailey,US,43.5196,-114.3153,60.89,36,0,10.36,clear sky
339,Bassano,CA,50.7834,-112.4685,59.49,48,100,16.4,overcast clouds
340,Launceston,AU,-41.45,147.1667,51.8,79,78,6.91,broken clouds
341,Arilje,RS,43.7531,20.0956,91.76,24,0,3.89,clear sky
342,Walvis Bay,NA,-22.9575,14.5053,69.1,33,0,5.91,clear sky
343,Bol,TD,13.4586,14.7147,79.74,79,74,9.84,broken clouds
344,Miri,MY,4.4148,114.0089,77.14,94,40,12.66,scattered clouds
345,Athabasca,CA,54.7169,-113.2854,48.61,91,27,7.74,scattered clouds
346,Keningau,MY,5.3378,116.1602,76.95,94,97,2.26,light rain
347,Tingo Maria,PE,-9.2895,-76.0088,68.36,88,88,1.59,overcast clouds
348,Ranfurly,NZ,-45.1333,170.1,33.1,97,63,3.15,broken clouds
349,Ambilobe,MG,-13.2,49.05,87.64,29,3,13.8,clear sky
350,Carahue,CL,-38.7,-73.1667,52.16,98,100,3.98,light rain
351,Shagonar,RU,51.5333,92.8,73.0,48,100,11.65,overcast clouds
352,Eyl,SO,7.9803,49.8164,90.57,44,86,27.38,overcast clouds
353,Tombouctou,ML,20.0,-3.0,94.77,35,4,9.31,clear sky
354,Jiangyou,CN,31.7667,104.7167,77.36,78,89,8.52,overcast clouds
355,Letterkenny,IE,54.95,-7.7333,60.73,62,95,1.95,overcast clouds
356,Sillod,IN,20.3,75.65,82.45,65,100,14.05,light rain
357,Itaituba,BR,-4.2761,-55.9836,71.82,82,48,1.19,scattered clouds
358,Chase,CA,50.8165,-119.6857,68.32,58,99,3.36,overcast clouds
359,Villazon,BO,-22.0866,-65.5942,36.84,57,50,3.22,scattered clouds
360,Najran,SA,17.4924,44.1277,102.85,18,12,11.07,few clouds
361,Mehamn,NO,71.0357,27.8492,53.55,87,75,17.27,broken clouds
362,Srednekolymsk,RU,67.45,153.6833,56.62,47,0,8.23,clear sky
363,Bandarbeyla,SO,9.4942,50.8122,89.74,46,65,26.62,broken clouds
364,Almeria,ES,37.1667,-2.3333,73.78,26,43,5.41,scattered clouds
365,Christchurch,NZ,-43.5333,172.6333,43.0,93,75,2.3,broken clouds
366,Shingu,JP,33.7333,135.9833,79.56,75,0,6.2,clear sky
367,Port Hedland,AU,-20.3167,118.5667,73.45,78,0,8.05,clear sky
368,Kaeo,NZ,-35.1,173.7833,49.32,92,100,6.46,overcast clouds
369,Changping,CN,40.2186,116.2197,87.44,47,100,7.25,overcast clouds
370,Gallup,US,35.5281,-108.7426,69.64,42,0,0.0,clear sky
371,Umm Lajj,SA,25.0213,37.2685,88.93,64,43,16.4,scattered clouds
372,Arroyo,ES,41.6096,-4.7969,81.14,50,0,4.61,clear sky
373,Gizo,SB,-8.103,156.8419,82.4,72,70,2.75,broken clouds
374,Nelson Bay,AU,-32.7167,152.15,63.0,77,60,11.01,broken clouds
375,Ojinaga,MX,29.5667,-104.4167,85.15,54,0,5.75,clear sky
376,Huarmey,PE,-10.0681,-78.1522,61.09,84,68,5.48,broken clouds
377,Sorland,NO,67.667,12.6934,51.66,86,100,17.58,overcast clouds
378,Kautokeino,NO,69.0125,23.0412,60.37,59,62,4.23,broken clouds
379,Shimoda,JP,34.6667,138.95,79.11,86,3,14.5,clear sky
380,The Valley,AI,18.217,-63.0578,81.1,71,57,23.11,broken clouds
381,Dhidhdhoo,MV,6.8833,73.1,81.82,77,100,18.19,overcast clouds
382,Yatou,CN,37.15,122.3833,76.23,80,93,4.47,overcast clouds
383,Kouango,CF,4.9934,19.9619,72.52,95,100,2.66,moderate rain
384,Vaitape,PF,-16.5167,-151.75,77.18,76,19,12.5,light rain
385,Garissa,KE,-0.4536,39.6401,87.64,33,23,25.05,few clouds
386,Sao Filipe,CV,14.8961,-24.4956,74.97,81,92,4.47,overcast clouds
387,Belyy Yar,RU,53.6039,91.3903,77.86,73,40,11.18,scattered clouds
388,Methoni,GR,36.8197,21.7049,93.22,52,0,9.93,clear sky
389,Rameswaram,IN,9.2833,79.3,82.81,77,49,14.83,scattered clouds
390,Tomatlan,MX,19.9333,-105.25,79.09,93,83,2.48,broken clouds
391,Garmsar,IR,35.2182,52.3409,103.87,9,0,3.85,clear sky
392,Broken Hill,AU,-31.95,141.4333,54.72,65,93,8.39,overcast clouds
393,Trenggalek,ID,-8.05,111.7167,75.63,85,87,5.14,overcast clouds
394,Ghugus,IN,19.9333,79.1333,78.6,89,100,12.19,overcast clouds
395,Huilong,CN,31.8111,121.655,81.39,82,81,8.97,broken clouds
396,Kieta,PG,-6.2167,155.6333,78.75,76,100,1.41,overcast clouds
397,Tulu Bolo,ET,8.6667,38.2167,68.92,65,62,5.37,light rain
398,Severodvinsk,RU,64.5635,39.8302,80.71,53,55,5.19,broken clouds
399,Tsiroanomandidy,MG,-18.7667,46.0333,77.11,31,0,5.93,clear sky
400,Andros Town,BS,24.7,-77.7667,80.56,74,69,15.43,broken clouds
401,Price,US,39.5994,-110.8107,73.11,32,0,8.05,clear sky
402,Yerbogachen,RU,61.2767,108.0108,77.27,40,73,4.05,broken clouds
403,Dingle,PH,10.9995,122.6711,81.14,85,100,3.98,overcast clouds
404,Palauig,PH,15.435,119.9045,84.97,77,41,6.06,scattered clouds
405,Itarema,BR,-2.9248,-39.9167,77.36,76,88,12.41,overcast clouds
406,Kamaishi,JP,39.2667,141.8833,72.43,99,100,8.59,light rain
407,Araguacu,BR,-12.9306,-49.8264,69.57,51,4,4.92,clear sky
408,Mogadishu,SO,2.0371,45.3438,76.87,78,75,16.11,light intensity drizzle
409,Sao Paulo De Olivenca,BR,-3.3783,-68.8725,69.93,99,41,1.61,scattered clouds
410,Anadyr,RU,64.75,177.4833,46.9,87,20,6.71,few clouds
411,Anderson,US,34.5334,-82.6499,74.53,90,0,3.44,clear sky
412,Vestmanna,FO,62.1564,-7.1664,52.72,76,75,8.05,broken clouds
413,Ulladulla,AU,-35.35,150.4667,55.76,74,89,5.28,overcast clouds
414,Batagay-Alyta,RU,67.8006,130.4114,73.2,50,46,8.21,scattered clouds
415,Banepa,NP,27.6298,85.5214,75.52,78,75,0.0,moderate rain
416,Nadvoitsy,RU,63.8667,34.3167,81.45,43,96,11.68,overcast clouds
417,Ndjole,GA,-0.1783,10.7649,82.69,60,85,4.16,overcast clouds
418,Nyimba,ZM,-14.5566,30.8149,81.03,29,46,6.11,scattered clouds
419,Krasnoselkup,RU,65.7,82.4667,59.45,70,100,6.35,overcast clouds
420,Pankrushikha,RU,53.8319,80.3406,69.6,64,60,16.84,light rain
421,Lodja,CD,-3.4833,23.4333,96.73,23,36,5.21,scattered clouds
422,Beloha,MG,-25.1667,45.05,82.45,30,0,7.65,clear sky
423,Kailua,US,21.4022,-157.7394,78.78,78,20,10.36,few clouds
424,Gewane,ET,10.1664,40.6453,96.01,27,21,10.33,few clouds
425,Longyearbyen,SJ,78.2186,15.6401,51.64,76,75,9.22,light rain
426,Yar-Sale,RU,66.8333,70.8333,44.83,94,100,12.41,light rain
427,Leningradskiy,RU,69.3833,178.4167,33.08,97,100,4.32,overcast clouds
428,Nouakchott,MR,18.0858,-15.9785,84.13,84,74,6.53,light rain
429,Kyra,RU,49.5776,111.9753,68.56,70,100,7.02,heavy intensity rain
430,Ramona,US,33.0417,-116.8681,67.41,82,0,0.0,clear sky
431,Caraballeda,VE,10.6112,-66.8522,75.27,88,40,2.3,scattered clouds
432,Huaihua,CN,27.5494,109.9592,89.11,62,81,8.25,broken clouds
433,Chikwawa,MW,-16.0335,34.8009,83.79,36,0,5.44,clear sky
434,Kununurra,AU,-15.7667,128.7333,71.58,43,4,3.44,clear sky
435,Merauke,ID,-8.4667,140.3333,76.68,82,80,12.17,broken clouds
436,Borogontsy,RU,62.6683,131.1683,74.48,66,100,7.11,overcast clouds
437,Viedma,AR,-40.8135,-62.9967,42.91,82,100,6.76,overcast clouds
438,Ocos,GT,14.5094,-92.1933,73.58,86,100,6.53,overcast clouds
439,Abaete,BR,-19.16,-45.4458,57.65,80,0,1.59,clear sky
440,Port Augusta,AU,-32.5,137.7667,60.44,55,100,7.65,overcast clouds
441,Bonavista,CA,48.6499,-53.1147,59.07,88,16,8.08,few clouds
442,Alice Springs,AU,-23.7,133.8833,62.15,29,0,5.75,clear sky
443,Beyneu,KZ,45.3167,55.2,100.26,18,96,24.85,overcast clouds
444,Sungaipenuh,ID,-2.0833,101.3833,70.16,95,99,1.19,overcast clouds
445,Nador,MA,35.174,-2.9287,87.87,61,0,8.05,clear sky
446,Damietta,EG,31.4165,31.8133,84.74,56,2,11.56,clear sky
447,Buchanan,LR,5.8808,-10.0467,76.96,80,98,7.18,light rain
448,Pala,TD,9.3642,14.9046,82.31,66,100,7.9,overcast clouds
449,Deputatskiy,RU,69.3,139.9,59.92,54,6,14.67,clear sky
450,Lac Du Bonnet,CA,50.2536,-96.0612,56.41,96,4,5.68,clear sky
451,Presidencia Roque Saenz Pena,AR,-26.7852,-60.4388,67.32,59,94,6.62,overcast clouds
452,Mae Sai,TH,20.4335,99.8762,81.73,86,94,2.08,moderate rain
453,Hernani,ES,43.2662,-1.9762,72.01,82,100,5.01,overcast clouds
454,Moerai,PF,-22.4333,-151.3333,71.94,58,62,15.37,broken clouds
455,Camocim,BR,-2.9022,-40.8411,74.82,78,40,7.16,scattered clouds
456,Kitimat,CA,54.0524,-128.6534,61.18,23,60,2.8,broken clouds
457,San Felipe,VE,10.3399,-68.7425,69.58,95,11,2.51,few clouds
458,Chernyshevskiy,RU,63.0128,112.4714,71.71,54,93,0.65,overcast clouds
459,Waipawa,NZ,-41.4122,175.5153,41.83,82,41,7.96,scattered clouds
460,Lewisville,US,33.0462,-96.9942,85.15,71,0,9.22,clear sky
461,Tooele,US,40.5308,-112.2983,77.65,36,4,7.18,clear sky
462,Nanortalik,GL,60.1432,-45.2371,47.64,79,8,3.36,clear sky
463,Quatre Cocos,MU,-20.2078,57.7625,75.09,70,57,16.89,light rain
464,Galle,LK,6.0367,80.217,80.73,82,100,16.4,overcast clouds
465,Sai Buri,TH,6.7013,101.6168,85.71,70,51,7.7,broken clouds
466,Tupik,RU,54.4253,119.9327,74.17,80,87,3.91,overcast clouds
467,Weyburn,CA,49.6668,-103.8511,55.62,82,4,2.3,clear sky
468,Lagoa Vermelha,BR,-28.2086,-51.5258,56.73,94,96,3.6,overcast clouds
469,Ruteng,ID,-8.6136,120.4721,63.59,91,99,1.68,overcast clouds
470,Baiquan,CN,47.5833,126.0833,75.45,73,20,7.83,few clouds
471,Comarapa,BO,-17.9,-64.4833,46.0,93,10,1.95,clear sky
472,Disna,BY,55.568,28.1971,78.28,52,0,2.28,clear sky
473,Baghdad,IQ,33.3406,44.4009,111.11,13,0,9.22,clear sky
474,Makakilo City,US,21.3469,-158.0858,77.32,70,0,13.8,clear sky
475,Urusha,RU,54.05,122.9,75.9,63,80,4.09,broken clouds
476,Nantucket,US,41.2835,-70.0995,75.99,72,20,6.91,mist
477,Chabua,IN,27.4825,95.1736,89.55,70,75,0.0,haze
478,Byron Bay,AU,-28.65,153.6167,61.95,83,100,20.8,overcast clouds
479,Kamina,CD,-8.7386,24.9906,84.2,26,16,10.4,few clouds
480,Itoman,JP,26.1247,127.6694,86.77,82,40,11.5,scattered clouds
481,Charters Towers,AU,-20.1,146.2667,61.25,48,1,9.6,clear sky
482,Nizhniy Odes,RU,63.6445,54.856,70.47,20,4,7.49,clear sky
483,Moron,AR,-34.6534,-58.6198,49.96,96,0,5.03,clear sky
484,Redmond,US,47.674,-122.1215,61.05,82,34,5.01,scattered clouds
485,Mutis,CO,6.2262,-77.4044,76.53,88,98,4.43,moderate rain
486,Olinda,BR,-8.0089,-34.8553,71.33,94,75,11.5,broken clouds
487,Rizhao,CN,35.4275,119.4553,81.39,75,100,4.72,overcast clouds
488,Faanui,PF,-16.4833,-151.75,77.22,75,18,12.5,light rain
489,Waitati,NZ,-45.75,170.5667,43.81,79,100,5.06,overcast clouds
490,Tautira,PF,-17.7333,-149.15,75.9,78,30,13.04,scattered clouds
491,Pasni,PK,25.2631,63.471,84.16,81,54,11.68,broken clouds
492,Bonnyville,CA,54.2668,-110.735,60.6,83,90,9.31,overcast clouds
493,Thinadhoo,MV,0.5333,72.9333,78.4,81,100,2.59,overcast clouds
494,Linjiang,CN,41.8069,126.9078,74.55,87,46,3.06,scattered clouds
495,Dubrovnik,HR,42.6481,18.0922,91.04,33,0,5.75,clear sky
496,Saint-Georges,GD,12.0564,-61.7485,80.28,83,20,10.36,few clouds
497,Liwale,TZ,-9.7667,37.9333,83.3,32,8,7.4,clear sky
498,Giyani,ZA,-23.3025,30.7187,72.91,51,11,6.91,light rain
499,Dauriya,RU,49.9333,116.8667,80.69,53,93,10.36,overcast clouds
500,Terskaya,RU,43.7238,44.7244,84.61,33,50,6.62,scattered clouds
501,Akyab,MM,20.15,92.9,83.53,78,91,9.69,moderate rain
502,Lorengau,PG,-2.0226,147.2712,82.31,77,32,7.92,scattered clouds
503,Raymondville,US,26.4815,-97.7831,81.09,82,0,10.02,clear sky
504,Rawson,AR,-43.3002,-65.1023,36.36,56,53,8.57,broken clouds
505,Butembo,CD,0.15,29.2833,77.18,33,59,6.46,broken clouds
506,Zheleznodorozhnyy,RU,55.7503,38.0042,75.72,43,29,12.46,scattered clouds
507,Kaitangata,NZ,-46.2817,169.8464,42.35,87,86,5.79,overcast clouds
508,Bambanglipuro,ID,-7.95,110.2833,78.08,77,79,11.79,broken clouds
509,Tabou,CI,4.423,-7.3528,79.84,60,87,7.02,overcast clouds
510,Dubrovka,RU,53.6907,33.5071,70.75,64,34,12.66,light rain
511,Kharhial,IN,20.2833,82.7667,88.9,63,98,2.86,overcast clouds
512,Mtimbira,TZ,-8.7833,36.35,78.31,53,77,2.46,light rain
513,Wigston,GB,52.5863,-1.1059,64.11,89,100,6.64,overcast clouds
514,Lander,US,42.833,-108.7307,67.01,25,0,5.75,clear sky
515,Hami,CN,42.8,93.45,95.74,12,0,10.49,clear sky
516,Okulovka,RU,58.4008,33.2908,78.12,40,11,2.62,few clouds
517,Xining,CN,36.6167,101.7667,72.81,36,0,6.42,clear sky
518,Gorontalo,ID,0.5412,123.0595,78.66,86,80,5.1,broken clouds
519,Rey Bouba,CM,8.6724,14.1786,83.05,70,100,4.14,light rain
520,Kholodnyy,RU,62.7167,147.95,62.46,67,55,2.73,broken clouds
521,Nacala,MZ,-14.5428,40.6728,81.72,57,75,11.5,broken clouds
522,Severnoye,RU,56.3491,78.3619,61.95,93,99,11.92,light rain
523,Phichit,TH,16.25,100.4167,81.0,83,100,9.26,overcast clouds
524,Biak,ID,-0.9131,122.8766,77.2,85,67,6.26,broken clouds
525,Aromashevo,RU,56.8602,68.6375,69.35,59,85,9.91,overcast clouds
526,Bar Harbor,US,44.3876,-68.2039,68.94,92,100,3.44,fog
527,Kantang,TH,7.4054,99.5156,86.09,70,20,2.3,few clouds
528,Erzin,TR,36.9559,36.2,95.29,18,0,7.0,clear sky
529,Liaocheng,CN,36.4439,115.9647,71.71,94,100,15.68,heavy intensity rain
530,Ambon,ID,-3.6954,128.1814,78.94,15,20,4.61,few clouds
531,Sidney,AU,-33.8679,151.2073,58.37,88,40,11.5,light rain
532,Noumea,NC,-22.2763,166.4572,78.78,99,100,6.82,overcast clouds
533,Kaya,BF,13.0917,-1.0844,83.37,62,97,6.46,overcast clouds
534,Ayan,RU,56.45,138.1667,57.9,90,86,1.88,overcast clouds
535,Nilanga,IN,18.1,76.7667,79.63,72,100,10.4,overcast clouds
536,Navolato,MX,24.7672,-107.6944,84.13,69,100,5.64,overcast clouds
537,Islamkot,PK,24.6997,70.177,93.34,53,99,18.14,overcast clouds
538,Ambulu,ID,-8.345,113.6058,78.08,79,55,5.79,broken clouds
539,North Bend,US,43.4065,-124.2243,59.92,96,100,3.44,overcast clouds
540,Ashland,US,40.8167,-82.2665,70.34,88,2,8.23,clear sky
541,Farias Brito,BR,-6.9306,-39.5656,72.28,65,30,5.06,scattered clouds
542,Dauphin,CA,51.1494,-100.0502,57.34,100,0,6.91,clear sky
543,Iralaya,HN,15.0,-83.2333,79.66,85,97,14.27,overcast clouds
544,Alnavar,IN,15.4333,74.7333,81.5,71,100,12.44,overcast clouds
545,Rodino,RU,52.5,80.25,77.9,36,78,21.09,broken clouds
546,Yamada,JP,39.4667,141.95,72.18,100,100,7.87,overcast clouds
547,Arman,RU,59.7,150.1667,68.02,74,87,2.13,overcast clouds
548,Colwyn Bay,GB,53.2948,-3.7267,62.82,90,100,7.07,overcast clouds
549,Nishihara,JP,26.1842,127.7558,86.05,81,75,11.5,broken clouds
550,Labrea,BR,-7.2586,-64.7981,70.86,80,49,2.35,scattered clouds
551,Acapulco,MX,16.8634,-99.8901,80.42,89,40,3.44,scattered clouds
552,Samarai,PG,-10.6167,150.6667,81.28,78,5,4.7,clear sky
553,Farafangana,MG,-22.8167,47.8333,72.37,66,32,4.56,scattered clouds
554,Vardo,NO,70.3705,31.1107,55.38,82,75,12.66,broken clouds
555,Bathsheba,BB,13.2167,-59.5167,81.21,88,20,18.41,few clouds
556,Sao Miguel Do Araguaia,BR,-13.275,-50.1628,67.64,52,3,4.52,clear sky
557,Gao,ML,16.6362,1.637,92.66,35,49,14.03,scattered clouds
558,Jawar,IN,23.0,76.5,75.47,90,100,10.69,moderate rain
559,Bardiyah,LY,31.7561,25.0865,85.21,40,0,12.46,clear sky
560,Cabo San Lucas,MX,22.8909,-109.9124,83.61,74,0,14.7,clear sky
561,Durango,MX,24.8333,-104.8333,67.12,59,100,5.37,overcast clouds
562,Isangel,VU,-19.55,169.2667,75.76,88,27,9.89,scattered clouds
563,Pilar,BR,-9.5972,-35.9567,71.53,92,67,2.42,broken clouds
564,Casas Grandes,MX,30.3667,-107.95,71.44,66,97,9.26,overcast clouds
565,Nurota,UZ,40.5614,65.6886,109.62,7,0,21.45,clear sky
566,Barcelos,PT,41.5388,-8.6151,66.34,55,74,3.51,broken clouds
567,Emerald,AU,-23.5333,148.1667,61.34,68,59,9.48,broken clouds
568,Massaguet,TD,12.4755,15.4365,88.34,54,88,7.7,overcast clouds
569,Lompoc,US,34.6391,-120.4579,55.54,97,100,6.91,fog
570,Amahai,ID,-3.3333,128.9167,76.3,78,29,6.76,scattered clouds
571,Rocha,UY,-34.4833,-54.3333,46.0,96,53,2.04,broken clouds
572,Rapid Valley,US,44.0625,-103.1463,70.52,48,0,8.01,clear sky
573,Malaya Serdoba,RU,52.4661,44.9512,71.49,55,41,7.29,light rain
574,Basco,PH,20.4487,121.9702,86.77,72,80,8.41,broken clouds
575,Rio Gallegos,AR,-51.6226,-69.2181,30.25,86,0,23.02,clear sky
576,Ovre Ardal,NO,61.3167,7.8,68.04,51,67,0.96,broken clouds
577,Barao De Melgaco,BR,-16.1944,-55.9675,65.8,50,32,1.57,scattered clouds
578,Mattru,SL,7.6244,-11.8332,77.94,83,100,6.04,light rain
579,Haines Junction,CA,60.7522,-137.5108,44.55,76,95,3.44,overcast clouds
580,Kimbe,PG,-5.5502,150.1429,77.76,89,84,3.62,light rain
581,Santarem,BR,-2.4431,-54.7083,80.73,89,40,8.05,scattered clouds
582,Darhan,MN,49.4867,105.9228,58.26,89,100,4.97,overcast clouds
583,Agirish,RU,61.9247,63.0231,68.79,26,18,8.79,few clouds
584,Svetlogorsk,BY,52.6333,29.7333,75.36,50,4,9.13,clear sky
585,Dolores,AR,-36.3132,-57.6792,41.34,80,0,4.79,clear sky
586,Lerwick,GB,60.1545,-1.1494,53.6,73,100,9.1,overcast clouds
587,Zhigansk,RU,66.7697,123.3711,59.99,88,100,15.39,overcast clouds
588,Challans,FR,46.8436,-1.8749,68.92,51,67,9.08,broken clouds
589,Beisfjord,NO,68.3751,17.5988,58.05,89,100,5.68,overcast clouds
590,Kindu,CD,-2.95,25.95,93.51,30,97,3.51,overcast clouds
591,Coolum Beach,AU,-26.5333,153.1,60.12,97,100,22.75,overcast clouds
592,Plock,PL,52.5468,19.7064,83.37,45,100,8.37,overcast clouds
593,Yalutorovsk,RU,56.6536,66.3006,72.41,50,37,7.87,scattered clouds
594,Umred,IN,20.85,79.3333,86.29,78,100,10.38,light rain
595,Abu Kamal,SY,34.4506,40.9171,99.82,16,0,14.61,clear sky
596,Ajdabiya,LY,30.7554,20.2263,88.54,34,0,14.7,clear sky
597,Mudgee,AU,-32.5943,149.5871,49.62,80,23,12.08,few clouds
598,Nakamura,JP,32.9833,132.9333,77.52,76,0,5.57,clear sky
599,Tatawin,TN,32.9297,10.4518,90.28,26,0,10.98,clear sky
600,Aksu,CN,41.1231,80.2644,97.12,12,0,2.48,clear sky
601,Wajid,SO,3.8093,43.2471,81.55,49,99,20.76,overcast clouds
602,Roald,NO,62.5833,6.1333,62.91,94,75,11.5,light intensity drizzle
603,Necochea,AR,-38.5473,-58.7368,43.32,83,99,1.81,light rain
604,Alugan,PH,12.2188,125.4808,82.22,79,34,4.09,scattered clouds
605,Ayaviri,PE,-14.8864,-70.5889,32.67,43,0,2.35,clear sky
606,Fort Nelson,CA,58.8053,-122.7002,45.99,93,20,2.3,few clouds
607,Rioja,AR,-29.4111,-66.8507,53.31,70,0,0.31,clear sky
608,Moberly,US,39.4184,-92.4382,67.98,83,0,4.61,clear sky
609,Maposeni,TZ,-10.5833,35.4,71.11,48,59,5.14,broken clouds
610,Sendafa,ET,9.15,39.0333,65.62,62,59,4.59,light rain
611,Lipin Bor,RU,60.2622,37.9763,72.73,60,89,3.87,overcast clouds
612,Pacific Grove,US,36.6177,-121.9166,57.42,94,40,11.01,scattered clouds
613,Oudtshoorn,ZA,-33.5907,22.2014,64.76,31,95,5.97,overcast clouds
614,Cherepovets,RU,59.1333,37.9,78.62,47,40,0.0,scattered clouds
615,Brodokalmak,RU,55.5748,62.082,77.9,56,45,6.42,scattered clouds
616,Flin Flon,CA,54.7682,-101.865,48.6,83,100,8.97,overcast clouds
617,Cherusti,RU,55.5498,40.0107,77.0,43,52,11.7,broken clouds
618,Hofn,IS,64.2539,-15.2082,55.42,88,40,5.75,scattered clouds
619,Lubango,AO,-14.9172,13.4925,71.58,22,0,10.16,clear sky
620,Bosaso,SO,11.2842,49.1816,91.38,58,0,11.5,clear sky
621,Margate,GB,51.3813,1.3862,69.12,69,100,4.0,overcast clouds
622,Padang,ID,-0.9492,100.3543,84.25,82,100,0.6,overcast clouds
623,Hargeysa,SO,9.56,44.065,80.19,41,39,28.99,scattered clouds
624,Hobyo,SO,5.3505,48.5268,81.18,67,92,26.91,overcast clouds
625,Talaya,RU,61.3833,152.75,58.8,57,3,6.53,clear sky
626,Rusape,ZW,-18.5278,32.1284,64.96,46,49,6.62,light rain
627,Ville-Marie,CA,47.3335,-79.433,53.65,93,0,4.45,clear sky
628,Lilongwe,MW,-13.9669,33.7873,73.44,37,21,10.4,few clouds
629,Harrogate,GB,53.9908,-1.5373,59.74,85,75,6.91,broken clouds
630,Amapa,BR,1.0,-52.0,69.64,99,32,1.23,scattered clouds
631,Capissayan,PH,18.0509,121.8177,84.22,75,3,8.5,clear sky
632,Porto Walter,BR,-8.2686,-72.7439,67.35,81,45,2.17,scattered clouds
633,Rawlins,US,41.7911,-107.2387,55.29,30,0,0.0,clear sky
634,Uruzgan,AF,32.8333,66.0,97.9,8,11,12.41,few clouds
635,Verkhnyaya Inta,RU,65.9811,60.3094,50.07,66,100,7.36,overcast clouds
636,Okha,RU,53.5739,142.9478,54.52,84,93,12.28,overcast clouds
637,Kingisepp,RU,59.3733,28.6134,82.0,41,100,5.28,overcast clouds
638,Mulchen,CL,-37.7167,-72.2333,50.11,93,100,5.06,light rain
639,Hit,IQ,33.6416,42.8251,105.91,13,0,10.04,clear sky
640,Mkushi,ZM,-13.6202,29.3939,73.56,38,9,9.37,clear sky
641,Roros,NO,62.5747,11.3842,51.64,66,75,12.66,broken clouds
642,Clonakilty,IE,51.6231,-8.8706,63.61,65,28,6.93,scattered clouds
643,Gamba,GA,-2.65,10.0,75.63,71,99,10.49,overcast clouds
644,Lasa,IT,46.6166,10.7002,84.69,49,0,4.27,clear sky
645,Miyako,JP,39.6367,141.9525,71.82,100,100,8.08,light rain
646,Bougouni,ML,11.417,-7.479,79.29,76,96,5.28,moderate rain
647,Show Low,US,34.2542,-110.0298,72.14,54,0,10.36,clear sky
648,Vestmannaeyjar,IS,63.4427,-20.2734,50.99,100,100,8.05,drizzle
649,Nemuro,JP,43.3236,145.575,61.18,86,100,4.32,overcast clouds
650,Uvalde,US,29.3669,-99.767,77.32,49,100,8.05,overcast clouds
651,Marsh Harbour,BS,26.5412,-77.0636,82.4,74,0,12.91,clear sky
652,Peniche,PT,39.3558,-9.3811,78.3,85,97,14.03,overcast clouds
653,Banda Aceh,ID,5.5577,95.3222,85.03,67,100,10.49,moderate rain
654,Olga,RU,43.7444,135.2892,62.74,93,91,7.29,overcast clouds
655,Gazli,UZ,40.1333,63.45,113.65,7,0,18.95,clear sky
656,Lanigan,CA,51.8501,-105.0344,55.29,81,10,7.49,clear sky
